"term","smd","method"
"age",-0.245854898809914,"Survey"
"bmi",-0.283084473242072,"Survey"
"pir",0.324991679879232,"Survey"
"ns(age, df = 4)1",-0.0691924019284665,"Survey"
"ns(age, df = 4)2",-0.15075391329847,"Survey"
"ns(age, df = 4)3",-0.0120377123833438,"Survey"
"ns(age, df = 4)4",-0.154510274680441,"Survey"
"sexFemale",-0.15162924649864,"Survey"
"raceOther Hispanic",-0.0468131632980512,"Survey"
"raceNon-Hispanic White",0.0712396477303568,"Survey"
"raceNon-Hispanic Black",0.0205110344256719,"Survey"
"raceOther or multiracial",-0.00855927666118646,"Survey"
"education9th-11th grade",-0.210872932568259,"Survey"
"educationHigh school/GED",-0.17829325597032,"Survey"
"educationSome college/AA",0.0944136845125512,"Survey"
"educationCollege graduate",0.308623460943338,"Survey"
"ns(pir, df = 3)1",-0.0899531542536936,"Survey"
"ns(pir, df = 3)2",0.0564462897585565,"Survey"
"ns(pir, df = 3)3",0.32250827915808,"Survey"
"smokingFormer",-0.00281936428623891,"Survey"
"smokingCurrent",-0.186591402620303,"Survey"
"alcoholNo past-year drinking",-0.2202087112592,"Survey"
"alcoholPast-year drinking",0.274958308946682,"Survey"
"ns(bmi, df = 3)1",-0.298345012315379,"Survey"
"ns(bmi, df = 3)2",0.140684827824148,"Survey"
"ns(bmi, df = 3)3",-0.199197927982174,"Survey"
"aerobicModerate only",-0.241599821985558,"Survey"
"aerobicVigorous only",0.197094415775375,"Survey"
"aerobicBoth",0.743037288043523,"Survey"
"healthVery good",0.160279750696232,"Survey"
"healthGood",-0.183809559567079,"Survey"
"healthFair",-0.269006341612621,"Survey"
"healthPoor",-0.154971403844264,"Survey"
"diabetesBorderline",-0.0189107936983937,"Survey"
"diabetesYes",-0.115339338064479,"Survey"
"hypertensionYes",-0.199486810124027,"Survey"
"cvdYes",-0.118499713527465,"Survey"
"cancerYes",-0.0404802853093512,"Survey"
"cycle2001-2002",0.0113059149467881,"Survey"
"cycle2003-2004",0.00852606005812156,"Survey"
"cycle2005-2006",0.0334009526385,"Survey"
"age",0.0183108400149202,"PATE"
"bmi",0.00798030379826878,"PATE"
"pir",-0.0361730640535146,"PATE"
"ns(age, df = 4)1",-0.0268509542202842,"PATE"
"ns(age, df = 4)2",0.0195832361247511,"PATE"
"ns(age, df = 4)3",-0.0130794621365552,"PATE"
"ns(age, df = 4)4",0.0344276172362006,"PATE"
"sexFemale",-0.0297235559675106,"PATE"
"raceOther Hispanic",-0.0130003125413545,"PATE"
"raceNon-Hispanic White",0.00366587802844714,"PATE"
"raceNon-Hispanic Black",-0.00869775473634417,"PATE"
"raceOther or multiracial",-0.00575191326404138,"PATE"
"education9th-11th grade",0.0128694463323519,"PATE"
"educationHigh school/GED",-0.0177715328891091,"PATE"
"educationSome college/AA",0.0244561548533188,"PATE"
"educationCollege graduate",-0.00141329297622495,"PATE"
"ns(pir, df = 3)1",-0.0008763542949931,"PATE"
"ns(pir, df = 3)2",-0.01463493588131,"PATE"
"ns(pir, df = 3)3",-0.0286074535046506,"PATE"
"smokingFormer",0.0142872719183821,"PATE"
"smokingCurrent",0.0142841344455602,"PATE"
"alcoholNo past-year drinking",-0.0130951171424512,"PATE"
"alcoholPast-year drinking",0.0136367800772642,"PATE"
"ns(bmi, df = 3)1",0.011403662128304,"PATE"
"ns(bmi, df = 3)2",-0.00699125140318788,"PATE"
"ns(bmi, df = 3)3",0.00529233963540008,"PATE"
"aerobicModerate only",0.00328235018624818,"PATE"
"aerobicVigorous only",-0.00170237490501286,"PATE"
"aerobicBoth",0.00472728958746552,"PATE"
"healthVery good",-0.00138825488566112,"PATE"
"healthGood",-0.000835803214777264,"PATE"
"healthFair",0.0252328583504947,"PATE"
"healthPoor",-0.0090930522456357,"PATE"
"diabetesBorderline",0.000369167166721535,"PATE"
"diabetesYes",0.0316511435928494,"PATE"
"hypertensionYes",0.011788313555351,"PATE"
"cvdYes",0.00868094762076358,"PATE"
"cancerYes",0.00448612778667575,"PATE"
"cycle2001-2002",0.00752938081842278,"PATE"
"cycle2003-2004",0.0183105323906262,"PATE"
"cycle2005-2006",-0.00453110412299387,"PATE"
"age",-1.69874747933976e-11,"PATO"
"bmi",-3.69816129504209e-12,"PATO"
"pir",2.70385626535453e-11,"PATO"
"ns(age, df = 4)1",4.73790564675675e-12,"PATO"
"ns(age, df = 4)2",-9.55532680910316e-12,"PATO"
"ns(age, df = 4)3",-1.84233622477192e-13,"PATO"
"ns(age, df = 4)4",-1.74980541560455e-11,"PATO"
"sexFemale",4.70388035694515e-13,"PATO"
"raceOther Hispanic",-6.59032842774844e-12,"PATO"
"raceNon-Hispanic White",1.90522589076719e-11,"PATO"
"raceNon-Hispanic Black",-1.12827844217941e-12,"PATO"
"raceOther or multiracial",-4.85025526603261e-13,"PATO"
"education9th-11th grade",1.39096257967418e-12,"PATO"
"educationHigh school/GED",8.69916265364928e-12,"PATO"
"educationSome college/AA",1.54166639943676e-11,"PATO"
"educationCollege graduate",1.87344464770919e-11,"PATO"
"ns(pir, df = 3)1",5.25091335746818e-12,"PATO"
"ns(pir, df = 3)2",5.53366244005629e-12,"PATO"
"ns(pir, df = 3)3",2.10965336402203e-11,"PATO"
"smokingFormer",-1.72858219792884e-12,"PATO"
"smokingCurrent",-3.05270122014837e-12,"PATO"
"alcoholNo past-year drinking",-1.2316263247499e-11,"PATO"
"alcoholPast-year drinking",1.59235630453927e-11,"PATO"
"ns(bmi, df = 3)1",-3.707239324473e-12,"PATO"
"ns(bmi, df = 3)2",8.19703021772897e-13,"PATO"
"ns(bmi, df = 3)3",-1.79605963218802e-12,"PATO"
"aerobicModerate only",5.04378144891934e-12,"PATO"
"aerobicVigorous only",6.671783358959e-12,"PATO"
"aerobicBoth",2.31004580416005e-11,"PATO"
"healthVery good",1.30782226424639e-11,"PATO"
"healthGood",1.52356127462991e-12,"PATO"
"healthFair",-1.72922411091473e-11,"PATO"
"healthPoor",-4.44959698257323e-11,"PATO"
"diabetesBorderline",-1.92976878272918e-12,"PATO"
"diabetesYes",-1.3127318959597e-11,"PATO"
"hypertensionYes",-9.78107826344403e-12,"PATO"
"cvdYes",-1.37220780770486e-11,"PATO"
"cancerYes",-3.65596203263957e-12,"PATO"
"cycle2001-2002",1.39339479811674e-12,"PATO"
"cycle2003-2004",-7.09376934176145e-13,"PATO"
"cycle2005-2006",1.30624684408538e-12,"PATO"
