"method","variable","absolute_smd"
"PATE","aerobic",0.00472728958746552
"PATO","aerobic",2.31004580416005e-11
"Survey","aerobic",0.743037288043523
"PATE","age",0.0344276172362006
"PATO","age",1.74980541560455e-11
"Survey","age",0.245854898809914
"PATE","alcohol",0.0136367800772642
"PATO","alcohol",1.59235630453927e-11
"Survey","alcohol",0.274958308946682
"PATE","bmi",0.011403662128304
"PATO","bmi",3.707239324473e-12
"Survey","bmi",0.298345012315379
"PATE","cancer",0.00448612778667575
"PATO","cancer",3.65596203263957e-12
"Survey","cancer",0.0404802853093512
"PATE","cvd",0.00868094762076358
"PATO","cvd",1.37220780770486e-11
"Survey","cvd",0.118499713527465
"PATE","cycle",0.0183105323906262
"PATO","cycle",1.39339479811674e-12
"Survey","cycle",0.0334009526385
"PATE","diabetes",0.0316511435928494
"PATO","diabetes",1.3127318959597e-11
"Survey","diabetes",0.115339338064479
"PATE","education",0.0244561548533188
"PATO","education",1.87344464770919e-11
"Survey","education",0.308623460943338
"PATE","health",0.0252328583504947
"PATO","health",4.44959698257323e-11
"Survey","health",0.269006341612621
"PATE","hypertension",0.011788313555351
"PATO","hypertension",9.78107826344403e-12
"Survey","hypertension",0.199486810124027
"PATE","pir",0.0361730640535146
"PATO","pir",2.70385626535453e-11
"Survey","pir",0.324991679879232
"PATE","race",0.0130003125413545
"PATO","race",1.90522589076719e-11
"Survey","race",0.0712396477303568
"PATE","sex",0.0297235559675106
"PATO","sex",4.70388035694515e-13
"Survey","sex",0.15162924649864
"PATE","smoking",0.0142872719183821
"PATO","smoking",3.05270122014837e-12
"Survey","smoking",0.186591402620303
