"cox_column","original_term"
"C01","ns(age, df = 4)1"
"C02","ns(age, df = 4)2"
"C03","ns(age, df = 4)3"
"C04","ns(age, df = 4)4"
"C05","sexFemale"
"C06","raceOther Hispanic"
"C07","raceNon-Hispanic White"
"C08","raceNon-Hispanic Black"
"C09","raceOther or multiracial"
"C10","education9th-11th grade"
"C11","educationHigh school/GED"
"C12","educationSome college/AA"
"C13","educationCollege graduate"
"C14","ns(pir, df = 3)1"
"C15","ns(pir, df = 3)2"
"C16","ns(pir, df = 3)3"
"C17","smokingFormer"
"C18","smokingCurrent"
"C19","alcoholNo past-year drinking"
"C20","alcoholPast-year drinking"
"C21","ns(bmi, df = 3)1"
"C22","ns(bmi, df = 3)2"
"C23","ns(bmi, df = 3)3"
"C24","aerobicModerate only"
"C25","aerobicVigorous only"
"C26","aerobicBoth"
"C27","healthVery good"
"C28","healthGood"
"C29","healthFair"
"C30","healthPoor"
"C31","diabetesBorderline"
"C32","diabetesYes"
"C33","hypertensionYes"
"C34","cvdYes"
"C35","cancerYes"
"C36","cycle2001-2002"
"C37","cycle2003-2004"
"C38","cycle2005-2006"
