"population","variable","level","value","available_n","available_weight"
"Included","N","",15091,15091,167461347.247516
"Included","A","Prevalence (%)",21.3692376787902,15091,167461347.247516
"Included","age","Mean",45.7176063059282,15091,167461347.247516
"Included","sex","Male",48.7808983134897,15091,167461347.247516
"Included","sex","Female",51.2191016865108,15091,167461347.247516
"Included","race","Mexican American",7.07545140457731,15091,167461347.247516
"Included","race","Other Hispanic",4.75062121069941,15091,167461347.247516
"Included","race","Non-Hispanic White",73.3523704983796,15091,167461347.247516
"Included","race","Non-Hispanic Black",10.3647747537724,15091,167461347.247516
"Included","race","Other or multiracial",4.45678213257235,15091,167461347.247516
"Included","education","<9th grade",5.84453280846688,15091,167461347.247516
"Included","education","9th-11th grade",11.9834000169277,15091,167461347.247516
"Included","education","High school/GED",25.5551023307395,15091,167461347.247516
"Included","education","Some college/AA",30.6855052248349,15091,167461347.247516
"Included","education","College graduate",25.9314596190315,15091,167461347.247516
"Included","pir","Mean",3.07233559605242,15091,167461347.247516
"Included","smoking","Never",50.2926756739528,15091,167461347.247516
"Included","smoking","Former",25.3281157623196,15091,167461347.247516
"Included","smoking","Current",24.3792085637281,15091,167461347.247516
"Included","alcohol","Lifetime <12 drinks",11.6196020061357,15091,167461347.247516
"Included","alcohol","No past-year drinking",16.8533649767427,15091,167461347.247516
"Included","alcohol","Past-year drinking",71.5270330171225,15091,167461347.247516
"Included","bmi","Mean",28.2012533936843,15091,167461347.247516
"Included","aerobic","Neither",33.6258157056316,15091,167461347.247516
"Included","aerobic","Moderate only",30.4058971975628,15091,167461347.247516
"Included","aerobic","Vigorous only",10.9459705410437,15091,167461347.247516
"Included","aerobic","Both",25.0223165557624,15091,167461347.247516
"Included","health","Excellent",21.2527115977488,15091,167461347.247516
"Included","health","Very good",32.2305461273202,15091,167461347.247516
"Included","health","Good",31.2431698817264,15091,167461347.247516
"Included","health","Fair",12.5790934182463,15091,167461347.247516
"Included","health","Poor",2.69447897495861,15091,167461347.247516
"Included","diabetes","No",92.3137924467603,15091,167461347.247516
"Included","diabetes","Borderline",1.14751048945625,15091,167461347.247516
"Included","diabetes","Yes",6.53869706378371,15091,167461347.247516
"Included","hypertension","No",72.6481766184877,15091,167461347.247516
"Included","hypertension","Yes",27.3518233815132,15091,167461347.247516
"Included","cvd","No",92.0287559109106,15091,167461347.247516
"Included","cvd","Yes",7.97124408908977,15091,167461347.247516
"Included","cancer","No",92.0650515223772,15091,167461347.247516
"Included","cancer","Yes",7.93494847762299,15091,167461347.247516
"Included","cycle","1999-2000",22.3165343091624,15091,167461347.247516
"Included","cycle","2001-2002",25.7056048487882,15091,167461347.247516
"Included","cycle","2003-2004",25.0517148930394,15091,167461347.247516
"Included","cycle","2005-2006",26.9261459490104,15091,167461347.247516
"Excluded","N","",3173,3173,29821859.5674244
"Excluded","A","Prevalence (%)",18.7654826843594,3173,29821859.5674244
"Excluded","age","Mean",46.3625796791188,3173,29821859.5674244
"Excluded","sex","Male",44.8386121735562,3173,29821859.5674244
"Excluded","sex","Female",55.1613878264441,3173,29821859.5674244
"Excluded","race","Mexican American",10.3475716165451,3173,29821859.5674244
"Excluded","race","Other Hispanic",7.0476365386175,3173,29821859.5674244
"Excluded","race","Non-Hispanic White",60.808156318236,3173,29821859.5674244
"Excluded","race","Non-Hispanic Black",14.377068098938,3173,29821859.5674244
"Excluded","race","Other or multiracial",7.41956742766376,3173,29821859.5674244
"Excluded","education","<9th grade",11.5264865027194,3143,29540623.8091519
"Excluded","education","9th-11th grade",16.5585388166247,3143,29540623.8091519
"Excluded","education","High school/GED",26.9607814874193,3143,29540623.8091519
"Excluded","education","Some college/AA",27.0428687045602,3143,29540623.8091519
"Excluded","education","College graduate",17.9113244886768,3143,29540623.8091519
"Excluded","pir","Mean",2.57354373148649,1779,16906512.0753077
"Excluded","smoking","Never",51.9705834701086,3153,29642858.9389879
"Excluded","smoking","Former",22.7187600398538,3153,29642858.9389879
"Excluded","smoking","Current",25.310656490038,3153,29642858.9389879
"Excluded","alcohol","Lifetime <12 drinks",16.5887506878813,1710,15471694.676432
"Excluded","alcohol","No past-year drinking",18.0534246724154,1710,15471694.676432
"Excluded","alcohol","Past-year drinking",65.3578246397034,1710,15471694.676432
"Excluded","bmi","Mean",27.9117656442017,2702,25636616.1047874
"Excluded","aerobic","Neither",43.9376133218376,3168,29781140.8774854
"Excluded","aerobic","Moderate only",27.1584981596487,3168,29781140.8774854
"Excluded","aerobic","Vigorous only",11.0293295416109,3168,29781140.8774854
"Excluded","aerobic","Both",17.8745589769032,3168,29781140.8774854
"Excluded","health","Excellent",19.228364792873,3158,29710030.2912754
"Excluded","health","Very good",28.6657848836668,3158,29710030.2912754
"Excluded","health","Good",33.151096038168,3158,29710030.2912754
"Excluded","health","Fair",15.2035031489986,3158,29710030.2912754
"Excluded","health","Poor",3.75125113629397,3158,29710030.2912754
"Excluded","diabetes","No",90.7439550248625,3162,29730868.5582454
"Excluded","diabetes","Borderline",1.31886745296919,3162,29730868.5582454
"Excluded","diabetes","Yes",7.93717752216844,3162,29730868.5582454
"Excluded","hypertension","No",74.1693431705754,3006,28551623.3388344
"Excluded","hypertension","Yes",25.8306568294247,3006,28551623.3388344
"Excluded","cvd","No",91.1544772591382,3096,29168921.5287384
"Excluded","cvd","Yes",8.84552274086201,3096,29168921.5287384
"Excluded","cancer","No",92.120723824642,3152,29616790.9416746
"Excluded","cancer","Yes",7.87927617535814,3152,29616790.9416746
"Excluded","cycle","1999-2000",26.1183787989992,3173,29821859.5674244
"Excluded","cycle","2001-2002",27.7092515910928,3173,29821859.5674244
"Excluded","cycle","2003-2004",26.0415750459998,3173,29821859.5674244
"Excluded","cycle","2005-2006",20.1307945639085,3173,29821859.5674244
