"group","variable","n","missing","pct"
"Overall","age",18264,0,0
"Overall","sex",18264,0,0
"Overall","race",18264,0,0
"Overall","education",18264,30,0.164257555847569
"Overall","pir",18264,1394,7.63250109505037
"Overall","smoking",18264,20,0.109505037231713
"Overall","alcohol",18264,1463,8.01029347349978
"Overall","bmi",18264,471,2.57884362680683
"Overall","aerobic",18264,5,0.0273762593079282
"Overall","health",18264,15,0.0821287779237845
"Overall","diabetes",18264,11,0.060227770477442
"Overall","hypertension",18264,167,0.914367060884801
"Overall","cvd",18264,77,0.421594393342094
"Overall","cancer",18264,21,0.114980289093298
"Overall","cycle",18264,0,0
"1999-2000","age",4262,0,0
"1999-2000","sex",4262,0,0
"1999-2000","race",4262,0,0
"1999-2000","education",4262,10,0.234631628343501
"1999-2000","pir",4262,594,13.9371187236039
"1999-2000","smoking",4262,7,0.16424213984045
"1999-2000","alcohol",4262,260,6.10042233693102
"1999-2000","bmi",4262,42,0.985452839042703
"1999-2000","aerobic",4262,2,0.0469263256687001
"1999-2000","health",4262,5,0.11731581417175
"1999-2000","diabetes",4262,3,0.0703894885030502
"1999-2000","hypertension",4262,48,1.1262318160488
"1999-2000","cvd",4262,20,0.469263256687001
"1999-2000","cancer",4262,2,0.0469263256687001
"1999-2000","cycle",4262,0,0
"2001-2002","age",4852,0,0
"2001-2002","sex",4852,0,0
"2001-2002","race",4852,0,0
"2001-2002","education",4852,6,0.123660346248969
"2001-2002","pir",4852,332,6.84253915910964
"2001-2002","smoking",4852,5,0.103050288540808
"2001-2002","alcohol",4852,397,8.18219291014015
"2001-2002","bmi",4852,277,5.70898598516076
"2001-2002","aerobic",4852,2,0.0412201154163232
"2001-2002","health",4852,2,0.0412201154163232
"2001-2002","diabetes",4852,1,0.0206100577081616
"2001-2002","hypertension",4852,56,1.15416323165705
"2001-2002","cvd",4852,28,0.577081615828524
"2001-2002","cancer",4852,5,0.103050288540808
"2001-2002","cycle",4852,0,0
"2003-2004","age",4550,0,0
"2003-2004","sex",4550,0,0
"2003-2004","race",4550,0,0
"2003-2004","education",4550,8,0.175824175824176
"2003-2004","pir",4550,259,5.69230769230769
"2003-2004","smoking",4550,5,0.10989010989011
"2003-2004","alcohol",4550,410,9.01098901098901
"2003-2004","bmi",4550,79,1.73626373626374
"2003-2004","aerobic",4550,1,0.021978021978022
"2003-2004","health",4550,3,0.0659340659340659
"2003-2004","diabetes",4550,1,0.021978021978022
"2003-2004","hypertension",4550,50,1.0989010989011
"2003-2004","cvd",4550,14,0.307692307692308
"2003-2004","cancer",4550,11,0.241758241758242
"2003-2004","cycle",4550,0,0
"2005-2006","age",4600,0,0
"2005-2006","sex",4600,0,0
"2005-2006","race",4600,0,0
"2005-2006","education",4600,6,0.130434782608696
"2005-2006","pir",4600,209,4.54347826086956
"2005-2006","smoking",4600,3,0.0652173913043478
"2005-2006","alcohol",4600,396,8.60869565217391
"2005-2006","bmi",4600,73,1.58695652173913
"2005-2006","aerobic",4600,0,0
"2005-2006","health",4600,5,0.108695652173913
"2005-2006","diabetes",4600,6,0.130434782608696
"2005-2006","hypertension",4600,13,0.282608695652174
"2005-2006","cvd",4600,15,0.326086956521739
"2005-2006","cancer",4600,3,0.0652173913043478
"2005-2006","cycle",4600,0,0
"A=0","age",14943,0,0
"A=0","sex",14943,0,0
"A=0","race",14943,0,0
"A=0","education",14943,28,0.187378705748511
"A=0","pir",14943,1181,7.90336612460684
"A=0","smoking",14943,17,0.113765642775882
"A=0","alcohol",14943,1226,8.20451047313123
"A=0","bmi",14943,399,2.67014655691628
"A=0","aerobic",14943,5,0.033460483169377
"A=0","health",14943,13,0.0869972562403801
"A=0","diabetes",14943,10,0.0669209663387539
"A=0","hypertension",14943,154,1.03058288161681
"A=0","cvd",14943,73,0.488523054272904
"A=0","cancer",14943,17,0.113765642775882
"A=0","cycle",14943,0,0
"A=1","age",3321,0,0
"A=1","sex",3321,0,0
"A=1","race",3321,0,0
"A=1","education",3321,2,0.0602228244504667
"A=1","pir",3321,213,6.41373080397471
"A=1","smoking",3321,3,0.0903342366757001
"A=1","alcohol",3321,237,7.13640469738031
"A=1","bmi",3321,72,2.1680216802168
"A=1","aerobic",3321,0,0
"A=1","health",3321,2,0.0602228244504667
"A=1","diabetes",3321,1,0.0301114122252334
"A=1","hypertension",3321,13,0.391448358928034
"A=1","cvd",3321,4,0.120445648900933
"A=1","cancer",3321,4,0.120445648900933
"A=1","cycle",3321,0,0
