"term","chisq","df","p","inference_note"
"A",2.25767504308183,1,0.132953533133053,"Exploratory only: cox.zph test does not incorporate full survey design"
"C01",14.7877903313423,1,0.000120311963323494,"Exploratory only: cox.zph test does not incorporate full survey design"
"C02",2.73894910562825,1,0.0979291490665213,"Exploratory only: cox.zph test does not incorporate full survey design"
"C03",8.69932542122547,1,0.00318327833646118,"Exploratory only: cox.zph test does not incorporate full survey design"
"C04",13.6654405130948,1,0.000218437689541082,"Exploratory only: cox.zph test does not incorporate full survey design"
"C05",5.54046663020334,1,0.0185816273742092,"Exploratory only: cox.zph test does not incorporate full survey design"
"C06",0.311815800831378,1,0.576568069111703,"Exploratory only: cox.zph test does not incorporate full survey design"
"C07",9.28269859116048,1,0.00231328375853566,"Exploratory only: cox.zph test does not incorporate full survey design"
"C08",6.71022199336103,1,0.00958617902762756,"Exploratory only: cox.zph test does not incorporate full survey design"
"C09",0.746348481494975,1,0.38763479140745,"Exploratory only: cox.zph test does not incorporate full survey design"
"C10",0.00122655355701362,1,0.972062049343608,"Exploratory only: cox.zph test does not incorporate full survey design"
"C11",2.58143230710482,1,0.108123785044942,"Exploratory only: cox.zph test does not incorporate full survey design"
"C12",1.81969400367649,1,0.177349704647088,"Exploratory only: cox.zph test does not incorporate full survey design"
"C13",0.00147049385112665,1,0.969411002749484,"Exploratory only: cox.zph test does not incorporate full survey design"
"C14",1.32335015169935,1,0.249991687149015,"Exploratory only: cox.zph test does not incorporate full survey design"
"C15",1.79574321935753,1,0.180227971993959,"Exploratory only: cox.zph test does not incorporate full survey design"
"C16",0.858582327203032,1,0.354135721521662,"Exploratory only: cox.zph test does not incorporate full survey design"
"C17",0.370556907844924,1,0.542700862061133,"Exploratory only: cox.zph test does not incorporate full survey design"
"C18",2.10128546322189,1,0.147175360221158,"Exploratory only: cox.zph test does not incorporate full survey design"
"C19",2.98623728684261,1,0.0839750859297936,"Exploratory only: cox.zph test does not incorporate full survey design"
"C20",3.16842534315163,1,0.0750747956653209,"Exploratory only: cox.zph test does not incorporate full survey design"
"C21",0.0643434611145418,1,0.799758139076535,"Exploratory only: cox.zph test does not incorporate full survey design"
"C22",2.45355547594607,1,0.117258997308398,"Exploratory only: cox.zph test does not incorporate full survey design"
"C23",0.545607772746007,1,0.460117930329666,"Exploratory only: cox.zph test does not incorporate full survey design"
"C24",3.20621464823707,1,0.073359018765229,"Exploratory only: cox.zph test does not incorporate full survey design"
"C25",0.0587759085211607,1,0.808441232632138,"Exploratory only: cox.zph test does not incorporate full survey design"
"C26",0.346718611532087,1,0.555976548023355,"Exploratory only: cox.zph test does not incorporate full survey design"
"C27",1.42774255311872,1,0.232133208571036,"Exploratory only: cox.zph test does not incorporate full survey design"
"C28",0.00556659471262371,1,0.940525323453414,"Exploratory only: cox.zph test does not incorporate full survey design"
"C29",0.460727817114674,1,0.497284023219454,"Exploratory only: cox.zph test does not incorporate full survey design"
"C30",13.4297501304572,1,0.000247665100543143,"Exploratory only: cox.zph test does not incorporate full survey design"
"C31",2.01784459083827,1,0.155459676085618,"Exploratory only: cox.zph test does not incorporate full survey design"
"C32",1.06226426478998,1,0.302699326252369,"Exploratory only: cox.zph test does not incorporate full survey design"
"C33",1.02521862500593,1,0.311284326876752,"Exploratory only: cox.zph test does not incorporate full survey design"
"C34",0.212741914869298,1,0.644626755338966,"Exploratory only: cox.zph test does not incorporate full survey design"
"C35",0.582820371961889,1,0.445208943751721,"Exploratory only: cox.zph test does not incorporate full survey design"
"C36",0.609661147668598,1,0.434915422556992,"Exploratory only: cox.zph test does not incorporate full survey design"
"C37",4.0906516012226,1,0.0431210152672654,"Exploratory only: cox.zph test does not incorporate full survey design"
"C38",0.154591299009786,1,0.694185801590661,"Exploratory only: cox.zph test does not incorporate full survey design"
"GLOBAL",78.3276086227774,39,0.000189953512471017,"Exploratory only: cox.zph test does not incorporate full survey design"
