"cycle","component","variable","present","file"
"1999-2000","DEMO","SDDSRVYR",TRUE,"data/raw/DEMO.xpt"
"1999-2000","DEMO","RIDSTATR",TRUE,"data/raw/DEMO.xpt"
"1999-2000","DEMO","RIDAGEYR",TRUE,"data/raw/DEMO.xpt"
"1999-2000","DEMO","RIAGENDR",TRUE,"data/raw/DEMO.xpt"
"1999-2000","DEMO","RIDRETH1",TRUE,"data/raw/DEMO.xpt"
"1999-2000","DEMO","DMDEDUC2",TRUE,"data/raw/DEMO.xpt"
"1999-2000","DEMO","INDFMPIR",TRUE,"data/raw/DEMO.xpt"
"1999-2000","DEMO","WTMEC2YR",TRUE,"data/raw/DEMO.xpt"
"1999-2000","DEMO","WTMEC4YR",TRUE,"data/raw/DEMO.xpt"
"1999-2000","DEMO","SDMVSTRA",TRUE,"data/raw/DEMO.xpt"
"1999-2000","DEMO","SDMVPSU",TRUE,"data/raw/DEMO.xpt"
"1999-2000","PAQ","PAD440",TRUE,"data/raw/PAQ.xpt"
"1999-2000","PAQ","PAD460",TRUE,"data/raw/PAQ.xpt"
"1999-2000","PAQ","PAD200",TRUE,"data/raw/PAQ.xpt"
"1999-2000","PAQ","PAD320",TRUE,"data/raw/PAQ.xpt"
"1999-2000","BMX","BMXBMI",TRUE,"data/raw/BMX.xpt"
"1999-2000","SMQ","SMQ020",TRUE,"data/raw/SMQ.xpt"
"1999-2000","SMQ","SMQ040",TRUE,"data/raw/SMQ.xpt"
"1999-2000","ALQ","ALQ100",TRUE,"data/raw/ALQ.xpt"
"1999-2000","ALQ","ALD100",FALSE,"data/raw/ALQ.xpt"
"1999-2000","ALQ","ALQ101",FALSE,"data/raw/ALQ.xpt"
"1999-2000","ALQ","ALQ110",TRUE,"data/raw/ALQ.xpt"
"1999-2000","ALQ","ALQ120Q",TRUE,"data/raw/ALQ.xpt"
"1999-2000","ALQ","ALQ120U",TRUE,"data/raw/ALQ.xpt"
"1999-2000","ALQ","ALQ130",TRUE,"data/raw/ALQ.xpt"
"1999-2000","HUQ","HUQ010",TRUE,"data/raw/HUQ.xpt"
"1999-2000","DIQ","DIQ010",TRUE,"data/raw/DIQ.xpt"
"1999-2000","BPQ","BPQ020",TRUE,"data/raw/BPQ.xpt"
"1999-2000","MCQ","MCQ160B",TRUE,"data/raw/MCQ.xpt"
"1999-2000","MCQ","MCQ160C",TRUE,"data/raw/MCQ.xpt"
"1999-2000","MCQ","MCQ160D",TRUE,"data/raw/MCQ.xpt"
"1999-2000","MCQ","MCQ160E",TRUE,"data/raw/MCQ.xpt"
"1999-2000","MCQ","MCQ160F",TRUE,"data/raw/MCQ.xpt"
"1999-2000","MCQ","MCQ220",TRUE,"data/raw/MCQ.xpt"
"2001-2002","DEMO","SDDSRVYR",TRUE,"data/raw/DEMO_B.xpt"
"2001-2002","DEMO","RIDSTATR",TRUE,"data/raw/DEMO_B.xpt"
"2001-2002","DEMO","RIDAGEYR",TRUE,"data/raw/DEMO_B.xpt"
"2001-2002","DEMO","RIAGENDR",TRUE,"data/raw/DEMO_B.xpt"
"2001-2002","DEMO","RIDRETH1",TRUE,"data/raw/DEMO_B.xpt"
"2001-2002","DEMO","DMDEDUC2",TRUE,"data/raw/DEMO_B.xpt"
"2001-2002","DEMO","INDFMPIR",TRUE,"data/raw/DEMO_B.xpt"
"2001-2002","DEMO","WTMEC2YR",TRUE,"data/raw/DEMO_B.xpt"
"2001-2002","DEMO","WTMEC4YR",TRUE,"data/raw/DEMO_B.xpt"
"2001-2002","DEMO","SDMVSTRA",TRUE,"data/raw/DEMO_B.xpt"
"2001-2002","DEMO","SDMVPSU",TRUE,"data/raw/DEMO_B.xpt"
"2001-2002","PAQ","PAD440",TRUE,"data/raw/PAQ_B.xpt"
"2001-2002","PAQ","PAD460",TRUE,"data/raw/PAQ_B.xpt"
"2001-2002","PAQ","PAD200",TRUE,"data/raw/PAQ_B.xpt"
"2001-2002","PAQ","PAD320",TRUE,"data/raw/PAQ_B.xpt"
"2001-2002","BMX","BMXBMI",TRUE,"data/raw/BMX_B.xpt"
"2001-2002","SMQ","SMQ020",TRUE,"data/raw/SMQ_B.xpt"
"2001-2002","SMQ","SMQ040",TRUE,"data/raw/SMQ_B.xpt"
"2001-2002","ALQ","ALQ100",FALSE,"data/raw/ALQ_B.xpt"
"2001-2002","ALQ","ALD100",TRUE,"data/raw/ALQ_B.xpt"
"2001-2002","ALQ","ALQ101",FALSE,"data/raw/ALQ_B.xpt"
"2001-2002","ALQ","ALQ110",TRUE,"data/raw/ALQ_B.xpt"
"2001-2002","ALQ","ALQ120Q",TRUE,"data/raw/ALQ_B.xpt"
"2001-2002","ALQ","ALQ120U",TRUE,"data/raw/ALQ_B.xpt"
"2001-2002","ALQ","ALQ130",TRUE,"data/raw/ALQ_B.xpt"
"2001-2002","HUQ","HUQ010",TRUE,"data/raw/HUQ_B.xpt"
"2001-2002","DIQ","DIQ010",TRUE,"data/raw/DIQ_B.xpt"
"2001-2002","BPQ","BPQ020",TRUE,"data/raw/BPQ_B.xpt"
"2001-2002","MCQ","MCQ160B",TRUE,"data/raw/MCQ_B.xpt"
"2001-2002","MCQ","MCQ160C",TRUE,"data/raw/MCQ_B.xpt"
"2001-2002","MCQ","MCQ160D",TRUE,"data/raw/MCQ_B.xpt"
"2001-2002","MCQ","MCQ160E",TRUE,"data/raw/MCQ_B.xpt"
"2001-2002","MCQ","MCQ160F",TRUE,"data/raw/MCQ_B.xpt"
"2001-2002","MCQ","MCQ220",TRUE,"data/raw/MCQ_B.xpt"
"2003-2004","DEMO","SDDSRVYR",TRUE,"data/raw/DEMO_C.xpt"
"2003-2004","DEMO","RIDSTATR",TRUE,"data/raw/DEMO_C.xpt"
"2003-2004","DEMO","RIDAGEYR",TRUE,"data/raw/DEMO_C.xpt"
"2003-2004","DEMO","RIAGENDR",TRUE,"data/raw/DEMO_C.xpt"
"2003-2004","DEMO","RIDRETH1",TRUE,"data/raw/DEMO_C.xpt"
"2003-2004","DEMO","DMDEDUC2",TRUE,"data/raw/DEMO_C.xpt"
"2003-2004","DEMO","INDFMPIR",TRUE,"data/raw/DEMO_C.xpt"
"2003-2004","DEMO","WTMEC2YR",TRUE,"data/raw/DEMO_C.xpt"
"2003-2004","DEMO","WTMEC4YR",FALSE,"data/raw/DEMO_C.xpt"
"2003-2004","DEMO","SDMVSTRA",TRUE,"data/raw/DEMO_C.xpt"
"2003-2004","DEMO","SDMVPSU",TRUE,"data/raw/DEMO_C.xpt"
"2003-2004","PAQ","PAD440",TRUE,"data/raw/PAQ_C.xpt"
"2003-2004","PAQ","PAD460",TRUE,"data/raw/PAQ_C.xpt"
"2003-2004","PAQ","PAD200",TRUE,"data/raw/PAQ_C.xpt"
"2003-2004","PAQ","PAD320",TRUE,"data/raw/PAQ_C.xpt"
"2003-2004","BMX","BMXBMI",TRUE,"data/raw/BMX_C.xpt"
"2003-2004","SMQ","SMQ020",TRUE,"data/raw/SMQ_C.xpt"
"2003-2004","SMQ","SMQ040",TRUE,"data/raw/SMQ_C.xpt"
"2003-2004","ALQ","ALQ100",FALSE,"data/raw/ALQ_C.xpt"
"2003-2004","ALQ","ALD100",FALSE,"data/raw/ALQ_C.xpt"
"2003-2004","ALQ","ALQ101",TRUE,"data/raw/ALQ_C.xpt"
"2003-2004","ALQ","ALQ110",TRUE,"data/raw/ALQ_C.xpt"
"2003-2004","ALQ","ALQ120Q",TRUE,"data/raw/ALQ_C.xpt"
"2003-2004","ALQ","ALQ120U",TRUE,"data/raw/ALQ_C.xpt"
"2003-2004","ALQ","ALQ130",TRUE,"data/raw/ALQ_C.xpt"
"2003-2004","HUQ","HUQ010",TRUE,"data/raw/HUQ_C.xpt"
"2003-2004","DIQ","DIQ010",TRUE,"data/raw/DIQ_C.xpt"
"2003-2004","BPQ","BPQ020",TRUE,"data/raw/BPQ_C.xpt"
"2003-2004","MCQ","MCQ160B",TRUE,"data/raw/MCQ_C.xpt"
"2003-2004","MCQ","MCQ160C",TRUE,"data/raw/MCQ_C.xpt"
"2003-2004","MCQ","MCQ160D",TRUE,"data/raw/MCQ_C.xpt"
"2003-2004","MCQ","MCQ160E",TRUE,"data/raw/MCQ_C.xpt"
"2003-2004","MCQ","MCQ160F",TRUE,"data/raw/MCQ_C.xpt"
"2003-2004","MCQ","MCQ220",TRUE,"data/raw/MCQ_C.xpt"
"2005-2006","DEMO","SDDSRVYR",TRUE,"data/raw/DEMO_D.xpt"
"2005-2006","DEMO","RIDSTATR",TRUE,"data/raw/DEMO_D.xpt"
"2005-2006","DEMO","RIDAGEYR",TRUE,"data/raw/DEMO_D.xpt"
"2005-2006","DEMO","RIAGENDR",TRUE,"data/raw/DEMO_D.xpt"
"2005-2006","DEMO","RIDRETH1",TRUE,"data/raw/DEMO_D.xpt"
"2005-2006","DEMO","DMDEDUC2",TRUE,"data/raw/DEMO_D.xpt"
"2005-2006","DEMO","INDFMPIR",TRUE,"data/raw/DEMO_D.xpt"
"2005-2006","DEMO","WTMEC2YR",TRUE,"data/raw/DEMO_D.xpt"
"2005-2006","DEMO","WTMEC4YR",FALSE,"data/raw/DEMO_D.xpt"
"2005-2006","DEMO","SDMVSTRA",TRUE,"data/raw/DEMO_D.xpt"
"2005-2006","DEMO","SDMVPSU",TRUE,"data/raw/DEMO_D.xpt"
"2005-2006","PAQ","PAD440",TRUE,"data/raw/PAQ_D.xpt"
"2005-2006","PAQ","PAD460",TRUE,"data/raw/PAQ_D.xpt"
"2005-2006","PAQ","PAD200",TRUE,"data/raw/PAQ_D.xpt"
"2005-2006","PAQ","PAD320",TRUE,"data/raw/PAQ_D.xpt"
"2005-2006","BMX","BMXBMI",TRUE,"data/raw/BMX_D.xpt"
"2005-2006","SMQ","SMQ020",TRUE,"data/raw/SMQ_D.xpt"
"2005-2006","SMQ","SMQ040",TRUE,"data/raw/SMQ_D.xpt"
"2005-2006","ALQ","ALQ100",FALSE,"data/raw/ALQ_D.xpt"
"2005-2006","ALQ","ALD100",FALSE,"data/raw/ALQ_D.xpt"
"2005-2006","ALQ","ALQ101",TRUE,"data/raw/ALQ_D.xpt"
"2005-2006","ALQ","ALQ110",TRUE,"data/raw/ALQ_D.xpt"
"2005-2006","ALQ","ALQ120Q",TRUE,"data/raw/ALQ_D.xpt"
"2005-2006","ALQ","ALQ120U",TRUE,"data/raw/ALQ_D.xpt"
"2005-2006","ALQ","ALQ130",TRUE,"data/raw/ALQ_D.xpt"
"2005-2006","HUQ","HUQ010",TRUE,"data/raw/HUQ_D.xpt"
"2005-2006","DIQ","DIQ010",TRUE,"data/raw/DIQ_D.xpt"
"2005-2006","BPQ","BPQ020",TRUE,"data/raw/BPQ_D.xpt"
"2005-2006","MCQ","MCQ160B",TRUE,"data/raw/MCQ_D.xpt"
"2005-2006","MCQ","MCQ160C",TRUE,"data/raw/MCQ_D.xpt"
"2005-2006","MCQ","MCQ160D",TRUE,"data/raw/MCQ_D.xpt"
"2005-2006","MCQ","MCQ160E",TRUE,"data/raw/MCQ_D.xpt"
"2005-2006","MCQ","MCQ160F",TRUE,"data/raw/MCQ_D.xpt"
"2005-2006","MCQ","MCQ220",TRUE,"data/raw/MCQ_D.xpt"
