url,path,cycle,download_utc,bytes,sha256,codebook,kind
https://wwwn.cdc.gov/Nchs/Data/Nhanes/Public/1999/DataFiles/ALQ.xpt,data/raw/ALQ.xpt,1999-2000,2026-09-23T22:08:38.067438+00:00,322000,7164f56e28c150b4218014f72b40735a5ca901686726a9215effc29209b68c9c,https://wwwn.cdc.gov/Nchs/Data/Nhanes/Public/1999/DataFiles/ALQ.htm,xpt
https://wwwn.cdc.gov/Nchs/Data/Nhanes/Public/2001/DataFiles/ALQ_B.xpt,data/raw/ALQ_B.xpt,2001-2002,2026-09-23T22:08:39.164411+00:00,364000,ed2f90b82e1d9dc87ada702c2fb3f11c7f53942bd5a7a6d7463c209b894e3765,https://wwwn.cdc.gov/Nchs/Data/Nhanes/Public/2001/DataFiles/ALQ_B.htm,xpt
https://wwwn.cdc.gov/Nchs/Data/Nhanes/Public/2003/DataFiles/ALQ_C.xpt,data/raw/ALQ_C.xpt,2003-2004,2026-09-23T22:08:40.280718+00:00,343440,e223a963ad4470e1a2e0dd1561b55a3fa91781dab3b46f5017f9eb1f62d0ced9,https://wwwn.cdc.gov/Nchs/Data/Nhanes/Public/2003/DataFiles/ALQ_C.htm,xpt
https://wwwn.cdc.gov/Nchs/Data/Nhanes/Public/2005/DataFiles/ALQ_D.xpt,data/raw/ALQ_D.xpt,2005-2006,2026-09-23T22:08:41.582394+00:00,345680,be651da341d629cf2456e5c2fa0387c48fa67cd0949d6dc9acc46ff6060bcabe,https://wwwn.cdc.gov/Nchs/Data/Nhanes/Public/2005/DataFiles/ALQ_D.htm,xpt
https://wwwn.cdc.gov/Nchs/Data/Nhanes/Public/1999/DataFiles/BMX.xpt,data/raw/BMX.xpt,1999-2000,2026-09-23T22:08:38.446490+00:00,2827840,6b9bc4d998c0004fc42b213cc7f5bf347df937707f46d6d25fab926723a60500,https://wwwn.cdc.gov/Nchs/Data/Nhanes/Public/1999/DataFiles/BMX.htm,xpt
https://wwwn.cdc.gov/Nchs/Data/Nhanes/Public/2001/DataFiles/BMX_B.xpt,data/raw/BMX_B.xpt,2001-2002,2026-09-23T22:08:38.907140+00:00,2183680,55715d4387960f88e48a2adf44da0b270a83290b1edf7c8e4ecc0eb2c29c59cf,https://wwwn.cdc.gov/Nchs/Data/Nhanes/Public/2001/DataFiles/BMX_B.htm,xpt
https://wwwn.cdc.gov/Nchs/Data/Nhanes/Public/2003/DataFiles/BMX_C.xpt,data/raw/BMX_C.xpt,2003-2004,2026-09-23T22:08:40.236555+00:00,2551120,b3d3e431b5964ea8b5807035044322fcf32f3878d814d4a844204e51c793f090,https://wwwn.cdc.gov/Nchs/Data/Nhanes/Public/2003/DataFiles/BMX_C.htm,xpt
https://wwwn.cdc.gov/Nchs/Data/Nhanes/Public/2005/DataFiles/BMX_D.xpt,data/raw/BMX_D.xpt,2005-2006,2026-09-23T22:08:41.384169+00:00,2153760,a52909be94cf825ba8a65477a9528603576fd5fbf3abadd72549a3f15c88566e,https://wwwn.cdc.gov/Nchs/Data/Nhanes/Public/2005/DataFiles/BMX_D.htm,xpt
https://wwwn.cdc.gov/Nchs/Data/Nhanes/Public/1999/DataFiles/BPQ.xpt,data/raw/BPQ.xpt,1999-2000,2026-09-23T22:08:38.299646+00:00,1746480,38d0e06bfbe8d01b2fe7af8d18622960fe7a21dd78312bbee7123df21af8c574,https://wwwn.cdc.gov/Nchs/Data/Nhanes/Public/1999/DataFiles/BPQ.htm,xpt
https://wwwn.cdc.gov/Nchs/Data/Nhanes/Public/2001/DataFiles/BPQ_B.xpt,data/raw/BPQ_B.xpt,2001-2002,2026-09-23T22:08:39.462691+00:00,1916400,c11d1a051c6a9da5f57ed946ea1a3636640eddf7efcbcf73283081f76e3fea63,https://wwwn.cdc.gov/Nchs/Data/Nhanes/Public/2001/DataFiles/BPQ_B.htm,xpt
https://wwwn.cdc.gov/Nchs/Data/Nhanes/Public/2003/DataFiles/BPQ_C.xpt,data/raw/BPQ_C.xpt,2003-2004,2026-09-23T22:08:40.538615+00:00,1795120,b31db89674d59073106581ed41c265c387a70000dce0cb984a865e82cd9b63a0,https://wwwn.cdc.gov/Nchs/Data/Nhanes/Public/2003/DataFiles/BPQ_C.htm,xpt
https://wwwn.cdc.gov/Nchs/Data/Nhanes/Public/2005/DataFiles/BPQ_D.xpt,data/raw/BPQ_D.xpt,2005-2006,2026-09-23T22:08:42.262255+00:00,788800,089b29fdfbc3d46a93c63e74cfc29376b3168556813d206119d471ee48991bac,https://wwwn.cdc.gov/Nchs/Data/Nhanes/Public/2005/DataFiles/BPQ_D.htm,xpt
https://wwwn.cdc.gov/Nchs/Data/Nhanes/Public/1999/DataFiles/DEMO.xpt,data/raw/DEMO.xpt,1999-2000,2026-09-23T22:08:38.070908+00:00,11500560,a17bd1ebfd6007b8dc93f16259cb090678eb6c467a39363b7e932bba15febf89,https://wwwn.cdc.gov/Nchs/Data/Nhanes/Public/1999/DataFiles/DEMO.htm,xpt
https://wwwn.cdc.gov/Nchs/Data/Nhanes/Public/2001/DataFiles/DEMO_B.xpt,data/raw/DEMO_B.xpt,2001-2002,2026-09-23T22:08:38.828956+00:00,3273520,6458dc2307cee244ab6ba26f70ec78c7b842ffc68e668bc43f0ab6b9737937d9,https://wwwn.cdc.gov/Nchs/Data/Nhanes/Public/2001/DataFiles/DEMO_B.htm,xpt
https://wwwn.cdc.gov/Nchs/Data/Nhanes/Public/2003/DataFiles/DEMO_C.xpt,data/raw/DEMO_C.xpt,2003-2004,2026-09-23T22:08:39.708534+00:00,3569840,2a2fdb88263337bfa06f0516bfb419631595f0a0ee88fb96069bed13d1857c6f,https://wwwn.cdc.gov/Nchs/Data/Nhanes/Public/2003/DataFiles/DEMO_C.htm,xpt
https://wwwn.cdc.gov/Nchs/Data/Nhanes/Public/2005/DataFiles/DEMO_D.xpt,data/raw/DEMO_D.xpt,2005-2006,2026-09-23T22:08:41.140729+00:00,3566560,bf9cc79cce501b2fbe5aa8d5b403b618548d02d4aefeb528335cdd9f4c40a3af,https://wwwn.cdc.gov/Nchs/Data/Nhanes/Public/2005/DataFiles/DEMO_D.htm,xpt
https://wwwn.cdc.gov/Nchs/Data/Nhanes/Public/1999/DataFiles/DIQ.xpt,data/raw/DIQ.xpt,1999-2000,2026-09-23T22:08:38.233018+00:00,1294240,85f1816a9d1809290012c2e58741f266ef811a63e51f75f7856538593c89cf7d,https://wwwn.cdc.gov/Nchs/Data/Nhanes/Public/1999/DataFiles/DIQ.htm,xpt
https://wwwn.cdc.gov/Nchs/Data/Nhanes/Public/2001/DataFiles/DIQ_B.xpt,data/raw/DIQ_B.xpt,2001-2002,2026-09-23T22:08:39.330528+00:00,1427040,795aece6fa9a755744a4c1171cfce827fc3798ac4a4a04c894facac8176efb61,https://wwwn.cdc.gov/Nchs/Data/Nhanes/Public/2001/DataFiles/DIQ_B.htm,xpt
https://wwwn.cdc.gov/Nchs/Data/Nhanes/Public/2003/DataFiles/DIQ_C.xpt,data/raw/DIQ_C.xpt,2003-2004,2026-09-23T22:08:40.506828+00:00,1314880,e64a1db590d733c812359abb0da6fdc3f20860ec3f89aec24442df994e90befe,https://wwwn.cdc.gov/Nchs/Data/Nhanes/Public/2003/DataFiles/DIQ_C.htm,xpt
https://wwwn.cdc.gov/Nchs/Data/Nhanes/Public/2005/DataFiles/DIQ_D.xpt,data/raw/DIQ_D.xpt,2005-2006,2026-09-23T22:08:42.013973+00:00,2834560,ac81ed56d09aadbe12df39c6991d9f4d9cfa04211aee4d103d38c981390b826e,https://wwwn.cdc.gov/Nchs/Data/Nhanes/Public/2005/DataFiles/DIQ_D.htm,xpt
https://wwwn.cdc.gov/Nchs/Data/Nhanes/Public/1999/DataFiles/HIQ.xpt,data/raw/HIQ.xpt,1999-2000,2026-09-23T22:08:38.127812+00:00,799360,ba5aafbeaea507bacd1e5654e0d085946ceb253913dc7992da095c9d20242c27,https://wwwn.cdc.gov/Nchs/Data/Nhanes/Public/1999/DataFiles/HIQ.htm,xpt
https://wwwn.cdc.gov/Nchs/Data/Nhanes/Public/2001/DataFiles/HIQ_B.xpt,data/raw/HIQ_B.xpt,2001-2002,2026-09-23T22:08:39.172997+00:00,885280,fab42c21114cc5b74bed774931351a287828d2792d5f9a6cf945ee544e66a89f,https://wwwn.cdc.gov/Nchs/Data/Nhanes/Public/2001/DataFiles/HIQ_B.htm,xpt
https://wwwn.cdc.gov/Nchs/Data/Nhanes/Public/2003/DataFiles/HIQ_C.xpt,data/raw/HIQ_C.xpt,2003-2004,2026-09-23T22:08:40.356844+00:00,811920,731a6c2351d5e1f4d1e0de4e1b9480cdfa25da485ca9e9d611046e8b3c14d71d,https://wwwn.cdc.gov/Nchs/Data/Nhanes/Public/2003/DataFiles/HIQ_C.htm,xpt
https://wwwn.cdc.gov/Nchs/Data/Nhanes/Public/2005/DataFiles/HIQ_D.xpt,data/raw/HIQ_D.xpt,2005-2006,2026-09-23T22:08:42.780638+00:00,1410480,80b7d0399f765de6e970ac953740e478ae1379e2d4c95ec30c658c38951dc140,https://wwwn.cdc.gov/Nchs/Data/Nhanes/Public/2005/DataFiles/HIQ_D.htm,xpt
https://wwwn.cdc.gov/Nchs/Data/Nhanes/Public/1999/DataFiles/HUQ.xpt,data/raw/HUQ.xpt,1999-2000,2026-09-23T22:08:38.155009+00:00,799360,0a7d7ac826933542a95f8055bc32362264c8621718566b09f5eb208e09d1a474,https://wwwn.cdc.gov/Nchs/Data/Nhanes/Public/1999/DataFiles/HUQ.htm,xpt
https://wwwn.cdc.gov/Nchs/Data/Nhanes/Public/2001/DataFiles/HUQ_B.xpt,data/raw/HUQ_B.xpt,2001-2002,2026-09-23T22:08:39.292840+00:00,1416000,7aa9a5704fe50abcec2f4fa5c379b512478a0adce12a36b15da9f81b1ec7a78f,https://wwwn.cdc.gov/Nchs/Data/Nhanes/Public/2001/DataFiles/HUQ_B.htm,xpt
https://wwwn.cdc.gov/Nchs/Data/Nhanes/Public/2003/DataFiles/HUQ_C.xpt,data/raw/HUQ_C.xpt,2003-2004,2026-09-23T22:08:40.440845+00:00,1298640,2d65b7ee533b2b09c5bdfaab29db3f188dd77cf77a7fcc800c74d4d538702dd3,https://wwwn.cdc.gov/Nchs/Data/Nhanes/Public/2003/DataFiles/HUQ_C.htm,xpt
https://wwwn.cdc.gov/Nchs/Data/Nhanes/Public/2005/DataFiles/HUQ_D.xpt,data/raw/HUQ_D.xpt,2005-2006,2026-09-23T22:08:41.912668+00:00,830000,2713343d7f182a01f72d25da7d3efec34936fa0bc3e3c62f15a107a3b8b37b40,https://wwwn.cdc.gov/Nchs/Data/Nhanes/Public/2005/DataFiles/HUQ_D.htm,xpt
https://wwwn.cdc.gov/Nchs/Data/Nhanes/Public/1999/DataFiles/MCQ.xpt,data/raw/MCQ.xpt,1999-2000,2026-09-23T22:08:38.873609+00:00,12706880,3bf45a296282a80baa23b4651c655cf422a235a08a142aa2ab5dd7ca963a2e5a,https://wwwn.cdc.gov/Nchs/Data/Nhanes/Public/1999/DataFiles/MCQ.htm,xpt
https://wwwn.cdc.gov/Nchs/Data/Nhanes/Public/2001/DataFiles/MCQ_B.xpt,data/raw/MCQ_B.xpt,2001-2002,2026-09-23T22:08:39.844930+00:00,12417920,6e31c8d78e1ab0d1aaa8f012411641d6b51bc9601c2237d999d0acdddd04de01,https://wwwn.cdc.gov/Nchs/Data/Nhanes/Public/2001/DataFiles/MCQ_B.htm,xpt
https://wwwn.cdc.gov/Nchs/Data/Nhanes/Public/2003/DataFiles/MCQ_C.xpt,data/raw/MCQ_C.xpt,2003-2004,2026-09-23T22:08:41.000584+00:00,11904960,42487737067c5dbdf533bb91b5f752d1fff1dfa9eed91c7ae54ab5e49b65b019,https://wwwn.cdc.gov/Nchs/Data/Nhanes/Public/2003/DataFiles/MCQ_C.htm,xpt
https://wwwn.cdc.gov/Nchs/Data/Nhanes/Public/2005/DataFiles/MCQ_D.xpt,data/raw/MCQ_D.xpt,2005-2006,2026-09-23T22:08:42.663459+00:00,7006480,12bf5f557c97284e096a8cd8aefbc8e3ab9f12a410c2f50474c4dfddd2ebf6f4,https://wwwn.cdc.gov/Nchs/Data/Nhanes/Public/2005/DataFiles/MCQ_D.htm,xpt
https://ftp.cdc.gov/pub/Health_Statistics/NCHS/datalinkage/linked_mortality/NHANES_1999_2000_MORT_2019_PUBLIC.dat,data/raw/NHANES_1999_2000_MORT_2019_PUBLIC.dat,1999-2000,2026-09-23T22:08:42.842323+00:00,487666,562bd367107add0b2b40fed36a062d8b194fca31e11aab897a0efad4bebc8b26,https://www.cdc.gov/nchs/data/datalinkage/public-use-linked-mortality-files-data-dictionary.pdf,dat
https://ftp.cdc.gov/pub/Health_Statistics/NCHS/datalinkage/linked_mortality/NHANES_2001_2002_MORT_2019_PUBLIC.dat,data/raw/NHANES_2001_2002_MORT_2019_PUBLIC.dat,2001-2002,2026-09-23T22:08:42.780481+00:00,540362,2788c8c8a02995ea5686882b5fe65b4b9cd415016031525f8a3c1a3646c47f1b,https://www.cdc.gov/nchs/data/datalinkage/public-use-linked-mortality-files-data-dictionary.pdf,dat
https://ftp.cdc.gov/pub/Health_Statistics/NCHS/datalinkage/linked_mortality/NHANES_2003_2004_MORT_2019_PUBLIC.dat,data/raw/NHANES_2003_2004_MORT_2019_PUBLIC.dat,2003-2004,2026-09-23T22:08:52.118524+00:00,495722,639f6b3292a55b112fbfc842954af3d8d32bcce287cd8ae49319e5aca1c033c0,https://www.cdc.gov/nchs/data/datalinkage/public-use-linked-mortality-files-data-dictionary.pdf,dat
https://ftp.cdc.gov/pub/Health_Statistics/NCHS/datalinkage/linked_mortality/NHANES_2005_2006_MORT_2019_PUBLIC.dat,data/raw/NHANES_2005_2006_MORT_2019_PUBLIC.dat,2005-2006,2026-09-23T22:08:45.631845+00:00,506774,69388ea13a4f395f29d9d21bc51941b9759003490d4b00f6ff12a1bc5f8dba5c,https://www.cdc.gov/nchs/data/datalinkage/public-use-linked-mortality-files-data-dictionary.pdf,dat
https://wwwn.cdc.gov/Nchs/Data/Nhanes/Public/1999/DataFiles/PAQ.xpt,data/raw/PAQ.xpt,1999-2000,2026-09-23T22:07:18.102304+00:00,1547280,e256a0fe7fdc99fcd7fd23245b82b2aea84586ed3a65767c08b10ee68f96b8fa,https://wwwn.cdc.gov/Nchs/Data/Nhanes/Public/1999/DataFiles/PAQ.htm,xpt
https://wwwn.cdc.gov/Nchs/Data/Nhanes/Public/2001/DataFiles/PAQ_B.xpt,data/raw/PAQ_B.xpt,2001-2002,2026-09-23T22:08:38.941178+00:00,1699520,c03073bb2e50ac4a97b588947fd4b4783a3b5c43da07a9d9a53f0879ec0b9229,https://wwwn.cdc.gov/Nchs/Data/Nhanes/Public/2001/DataFiles/PAQ_B.htm,xpt
https://wwwn.cdc.gov/Nchs/Data/Nhanes/Public/2003/DataFiles/PAQ_C.xpt,data/raw/PAQ_C.xpt,2003-2004,2026-09-23T22:08:39.877007+00:00,1488000,085928dcff32acc98efc8d1d30eeceb022b56d6ab565e0572251a325a576c765,https://wwwn.cdc.gov/Nchs/Data/Nhanes/Public/2003/DataFiles/PAQ_C.htm,xpt
https://wwwn.cdc.gov/Nchs/Data/Nhanes/Public/2005/DataFiles/PAQ_D.xpt,data/raw/PAQ_D.xpt,2005-2006,2026-09-23T22:08:41.320085+00:00,1511360,a2c21b90a964aaa08a854d66526b29a1a7ad009d8a26c3cc9a8c18bf70f0c0aa,https://wwwn.cdc.gov/Nchs/Data/Nhanes/Public/2005/DataFiles/PAQ_D.htm,xpt
https://wwwn.cdc.gov/Nchs/Data/Nhanes/Public/1999/DataFiles/SMQ.xpt,data/raw/SMQ.xpt,1999-2000,2026-09-23T22:08:37.918709+00:00,1733760,fb1505ea08e310a5cb703ccae0e220aede3da812674e9e53f832fe76e31c2ce3,https://wwwn.cdc.gov/Nchs/Data/Nhanes/Public/1999/DataFiles/SMQ.htm,xpt
https://wwwn.cdc.gov/Nchs/Data/Nhanes/Public/2001/DataFiles/SMQ_B.xpt,data/raw/SMQ_B.xpt,2001-2002,2026-09-23T22:08:39.122195+00:00,2073680,179d7ad46de9478824d475de0e6425f474b34dd4798066a552acd31b89f07fde,https://wwwn.cdc.gov/Nchs/Data/Nhanes/Public/2001/DataFiles/SMQ_B.htm,xpt
https://wwwn.cdc.gov/Nchs/Data/Nhanes/Public/2003/DataFiles/SMQ_C.xpt,data/raw/SMQ_C.xpt,2003-2004,2026-09-23T22:08:40.212323+00:00,1932320,fbfe1e4b286ab43fdc3fd84c3830bb241b8b5ca84b3ab5902b8808e4136efc2c,https://wwwn.cdc.gov/Nchs/Data/Nhanes/Public/2003/DataFiles/SMQ_C.htm,xpt
https://wwwn.cdc.gov/Nchs/Data/Nhanes/Public/2005/DataFiles/SMQ_D.xpt,data/raw/SMQ_D.xpt,2005-2006,2026-09-23T22:08:41.483339+00:00,2578880,ef82433aca1a36ba2310a624ccdbaf195e2a258a88af0f284ef2a58d36be3011,https://wwwn.cdc.gov/Nchs/Data/Nhanes/Public/2005/DataFiles/SMQ_D.htm,xpt
https://wwwn.cdc.gov/Nchs/Data/Nhanes/Public/1999/DataFiles/ALQ.htm,docs/codebooks/ALQ.htm,1999-2000,2026-09-23T22:08:37.860047+00:00,28159,ccf6b8eb65edc09d0494050753e00d6962e25ccdcb563242128ac6f9660b1200,https://wwwn.cdc.gov/Nchs/Data/Nhanes/Public/1999/DataFiles/ALQ.htm,html
https://wwwn.cdc.gov/Nchs/Data/Nhanes/Public/2001/DataFiles/ALQ_B.htm,docs/codebooks/ALQ_B.htm,2001-2002,2026-09-23T22:08:39.019405+00:00,28039,1db323e6e283d0ccccbfe0cd848e3e6e3bb1d481d8afb0c7949b644b6076b447,https://wwwn.cdc.gov/Nchs/Data/Nhanes/Public/2001/DataFiles/ALQ_B.htm,html
https://wwwn.cdc.gov/Nchs/Data/Nhanes/Public/2003/DataFiles/ALQ_C.htm,docs/codebooks/ALQ_C.htm,2003-2004,2026-09-23T22:08:40.295842+00:00,27747,65d0c860d7ef6be33c312d7d8f6b357aa555c8ce387d286851cd02ebac926923,https://wwwn.cdc.gov/Nchs/Data/Nhanes/Public/2003/DataFiles/ALQ_C.htm,html
https://wwwn.cdc.gov/Nchs/Data/Nhanes/Public/2005/DataFiles/ALQ_D.htm,docs/codebooks/ALQ_D.htm,2005-2006,2026-09-23T22:08:41.746254+00:00,29223,1e916a960c8d24bb2e4c0e5deb1b6431677ac382a375315dac88b64e172ec701,https://wwwn.cdc.gov/Nchs/Data/Nhanes/Public/2005/DataFiles/ALQ_D.htm,html
https://wwwn.cdc.gov/Nchs/Data/Nhanes/Public/1999/DataFiles/BMX.htm,docs/codebooks/BMX.htm,1999-2000,2026-09-23T22:08:37.704822+00:00,89585,79604a8a8861e2983e289742bb1684eb4fe3e86940710353dfceb7b2adb5216a,https://wwwn.cdc.gov/Nchs/Data/Nhanes/Public/1999/DataFiles/BMX.htm,html
https://wwwn.cdc.gov/Nchs/Data/Nhanes/Public/2001/DataFiles/BMX_B.htm,docs/codebooks/BMX_B.htm,2001-2002,2026-09-23T22:08:38.821069+00:00,60511,af1ca388a17c0c4af5b688e640e07c854e1d4db52c4d5613371fbc8384ffb0fe,https://wwwn.cdc.gov/Nchs/Data/Nhanes/Public/2001/DataFiles/BMX_B.htm,html
https://wwwn.cdc.gov/Nchs/Data/Nhanes/Public/2003/DataFiles/BMX_C.htm,docs/codebooks/BMX_C.htm,2003-2004,2026-09-23T22:08:40.162582+00:00,75967,58faf9ba120a9b497cd42158244e2ada397a15c2f743a4512c056684dfdfd55a,https://wwwn.cdc.gov/Nchs/Data/Nhanes/Public/2003/DataFiles/BMX_C.htm,html
https://wwwn.cdc.gov/Nchs/Data/Nhanes/Public/2005/DataFiles/BMX_D.htm,docs/codebooks/BMX_D.htm,2005-2006,2026-09-23T22:08:41.303089+00:00,64972,ebfb8db78397d2388cffac16eae368f6f36fa159fce54f74d6ebdd0b8dce07ac,https://wwwn.cdc.gov/Nchs/Data/Nhanes/Public/2005/DataFiles/BMX_D.htm,html
https://wwwn.cdc.gov/Nchs/Data/Nhanes/Public/1999/DataFiles/BPQ.htm,docs/codebooks/BPQ.htm,1999-2000,2026-09-23T22:08:38.311625+00:00,109331,a03f92030577466d83651d95b34664bd271c5c82e951a3a8a6fd45be505bac88,https://wwwn.cdc.gov/Nchs/Data/Nhanes/Public/1999/DataFiles/BPQ.htm,html
https://wwwn.cdc.gov/Nchs/Data/Nhanes/Public/2001/DataFiles/BPQ_B.htm,docs/codebooks/BPQ_B.htm,2001-2002,2026-09-23T22:08:39.347740+00:00,111544,338d0cd55d6af5fbcf9cfea7d09720681a13c5ec93041e8b0c9bece5ef3819ec,https://wwwn.cdc.gov/Nchs/Data/Nhanes/Public/2001/DataFiles/BPQ_B.htm,html
https://wwwn.cdc.gov/Nchs/Data/Nhanes/Public/2003/DataFiles/BPQ_C.htm,docs/codebooks/BPQ_C.htm,2003-2004,2026-09-23T22:08:40.731772+00:00,112498,1197395d20bd4f4ff3a03e77d370f25e4e54e32ba4d550e05e4ee63c9a573979,https://wwwn.cdc.gov/Nchs/Data/Nhanes/Public/2003/DataFiles/BPQ_C.htm,html
https://wwwn.cdc.gov/Nchs/Data/Nhanes/Public/2005/DataFiles/BPQ_D.htm,docs/codebooks/BPQ_D.htm,2005-2006,2026-09-23T22:08:42.257473+00:00,50366,e8fa52239fef1e587d90b41347d38f4c07812a9412ff3799a706ff88e30dd5a4,https://wwwn.cdc.gov/Nchs/Data/Nhanes/Public/2005/DataFiles/BPQ_D.htm,html
https://wwwn.cdc.gov/Nchs/Data/Nhanes/Public/1999/DataFiles/DEMO.htm,docs/codebooks/DEMO.htm,1999-2000,2026-09-23T22:08:37.737517+00:00,339632,3757ef13473397ba968273ee4e7d449c3e2dfa0adb45a0faabddd438ff3e23f9,https://wwwn.cdc.gov/Nchs/Data/Nhanes/Public/1999/DataFiles/DEMO.htm,html
https://wwwn.cdc.gov/Nchs/Data/Nhanes/Public/2001/DataFiles/DEMO_B.htm,docs/codebooks/DEMO_B.htm,2001-2002,2026-09-23T22:08:38.478658+00:00,135103,a2e47fd9692f9e62a4823f746bbdb60b67a67b60946ded4f7f30102ebcf20825,https://wwwn.cdc.gov/Nchs/Data/Nhanes/Public/2001/DataFiles/DEMO_B.htm,html
https://wwwn.cdc.gov/Nchs/Data/Nhanes/Public/2003/DataFiles/DEMO_C.htm,docs/codebooks/DEMO_C.htm,2003-2004,2026-09-23T22:08:40.026646+00:00,149547,d4193186dc2c10290c9b191acd4871a92c56250b8087b4becb50736383c417c3,https://wwwn.cdc.gov/Nchs/Data/Nhanes/Public/2003/DataFiles/DEMO_C.htm,html
https://wwwn.cdc.gov/Nchs/Data/Nhanes/Public/2005/DataFiles/DEMO_D.htm,docs/codebooks/DEMO_D.htm,2005-2006,2026-09-23T22:08:40.934630+00:00,147978,0aec18aba7676aa3ade3d925763c6852e9e2d85c6dadc90bdbe062723d5c60ee,https://wwwn.cdc.gov/Nchs/Data/Nhanes/Public/2005/DataFiles/DEMO_D.htm,html
https://wwwn.cdc.gov/Nchs/Data/Nhanes/Public/1999/DataFiles/DIQ.htm,docs/codebooks/DIQ.htm,1999-2000,2026-09-23T22:08:38.183738+00:00,54204,69ebebac38aa7ac3d11d49686d488ebfba153e1a1496805c9fc487a79d1bd669,https://wwwn.cdc.gov/Nchs/Data/Nhanes/Public/1999/DataFiles/DIQ.htm,html
https://wwwn.cdc.gov/Nchs/Data/Nhanes/Public/2001/DataFiles/DIQ_B.htm,docs/codebooks/DIQ_B.htm,2001-2002,2026-09-23T22:08:39.273656+00:00,54617,f9fe7f311577f84b30fce96f8e312f6dd59fef76981a4ec07b01c68bd04b3c33,https://wwwn.cdc.gov/Nchs/Data/Nhanes/Public/2001/DataFiles/DIQ_B.htm,html
https://wwwn.cdc.gov/Nchs/Data/Nhanes/Public/2003/DataFiles/DIQ_C.htm,docs/codebooks/DIQ_C.htm,2003-2004,2026-09-23T22:08:40.492020+00:00,54946,48a4a1a9b594e42c653b8779cc736f6ede3abf630eef56d95e575f1e6dce989a,https://wwwn.cdc.gov/Nchs/Data/Nhanes/Public/2003/DataFiles/DIQ_C.htm,html
https://wwwn.cdc.gov/Nchs/Data/Nhanes/Public/2005/DataFiles/DIQ_D.htm,docs/codebooks/DIQ_D.htm,2005-2006,2026-09-23T22:08:42.027226+00:00,129399,2d9bbc56c7df942830eb916c7bb9bac6fcf2f74200b047a330bfef3fc85df54b,https://wwwn.cdc.gov/Nchs/Data/Nhanes/Public/2005/DataFiles/DIQ_D.htm,html
https://wwwn.cdc.gov/Nchs/Data/Nhanes/Public/1999/DataFiles/HIQ.htm,docs/codebooks/HIQ.htm,1999-2000,2026-09-23T22:08:38.068064+00:00,32713,bdfc16adf27b3c6ba4f04b167398d42c34446094cd19e0289ee2ee541b803c21,https://wwwn.cdc.gov/Nchs/Data/Nhanes/Public/1999/DataFiles/HIQ.htm,html
https://wwwn.cdc.gov/Nchs/Data/Nhanes/Public/2001/DataFiles/HIQ_B.htm,docs/codebooks/HIQ_B.htm,2001-2002,2026-09-23T22:08:39.246478+00:00,32948,ab16b7249771aa74b4fc1fa2597f017f4b7cc2decf34e4da380236eeb6047730,https://wwwn.cdc.gov/Nchs/Data/Nhanes/Public/2001/DataFiles/HIQ_B.htm,html
https://wwwn.cdc.gov/Nchs/Data/Nhanes/Public/2003/DataFiles/HIQ_C.htm,docs/codebooks/HIQ_C.htm,2003-2004,2026-09-23T22:08:40.325999+00:00,33749,6c00421d3b5a16891783738ecd0583f600ca143e71b998a79e7a0e1aea5a8e8d,https://wwwn.cdc.gov/Nchs/Data/Nhanes/Public/2003/DataFiles/HIQ_C.htm,html
https://wwwn.cdc.gov/Nchs/Data/Nhanes/Public/2005/DataFiles/HIQ_D.htm,docs/codebooks/HIQ_D.htm,2005-2006,2026-09-23T22:08:41.746255+00:00,43339,4899882796f10ad1a7d462019dfad3de3af97df82670ca1771c3467548f6515f,https://wwwn.cdc.gov/Nchs/Data/Nhanes/Public/2005/DataFiles/HIQ_D.htm,html
https://wwwn.cdc.gov/Nchs/Data/Nhanes/Public/1999/DataFiles/HUQ.htm,docs/codebooks/HUQ.htm,1999-2000,2026-09-23T22:08:38.154924+00:00,36874,46e0eef624e84a5fb56e63759ab0d7e042d4dca6e66a860fc83753ff4cb0679c,https://wwwn.cdc.gov/Nchs/Data/Nhanes/Public/1999/DataFiles/HUQ.htm,html
https://wwwn.cdc.gov/Nchs/Data/Nhanes/Public/2001/DataFiles/HUQ_B.htm,docs/codebooks/HUQ_B.htm,2001-2002,2026-09-23T22:08:39.248254+00:00,53377,874d1be8d73535e9d2d885f36fdc89bd02dcf87cf8cd003995f079cce0b5af3f,https://wwwn.cdc.gov/Nchs/Data/Nhanes/Public/2001/DataFiles/HUQ_B.htm,html
https://wwwn.cdc.gov/Nchs/Data/Nhanes/Public/2003/DataFiles/HUQ_C.htm,docs/codebooks/HUQ_C.htm,2003-2004,2026-09-23T22:08:40.377864+00:00,54345,82ac16427f20f43ba9cabfdf11a1e92da4062d43244ae08038a5309516671c52,https://wwwn.cdc.gov/Nchs/Data/Nhanes/Public/2003/DataFiles/HUQ_C.htm,html
https://wwwn.cdc.gov/Nchs/Data/Nhanes/Public/2005/DataFiles/HUQ_D.htm,docs/codebooks/HUQ_D.htm,2005-2006,2026-09-23T22:08:41.830119+00:00,39445,a8e0609453c8021eb2b840a8531b92d609be3c3fd3b59ead9744de52bbe0f6b2,https://wwwn.cdc.gov/Nchs/Data/Nhanes/Public/2005/DataFiles/HUQ_D.htm,html
https://wwwn.cdc.gov/Nchs/Data/Nhanes/Public/1999/DataFiles/MCQ.htm,docs/codebooks/MCQ.htm,1999-2000,2026-09-23T22:08:38.342916+00:00,477063,f9c9db1560e655f9a69a82b32302e4187284f4a075e321b8f74d2a24b15f3f88,https://wwwn.cdc.gov/Nchs/Data/Nhanes/Public/1999/DataFiles/MCQ.htm,html
https://wwwn.cdc.gov/Nchs/Data/Nhanes/Public/2001/DataFiles/MCQ_B.htm,docs/codebooks/MCQ_B.htm,2001-2002,2026-09-23T22:08:39.427456+00:00,435055,35e05a2ce2b341be3a332fbc2a3ec8ea6e73757453f15547bc14abbd3df48ac4,https://wwwn.cdc.gov/Nchs/Data/Nhanes/Public/2001/DataFiles/MCQ_B.htm,html
https://wwwn.cdc.gov/Nchs/Data/Nhanes/Public/2003/DataFiles/MCQ_C.htm,docs/codebooks/MCQ_C.htm,2003-2004,2026-09-23T22:08:40.757132+00:00,446927,8b41c62e2887bc4755b3a0190d6d24b40353701305cf95f5e99a9ef76500a438,https://wwwn.cdc.gov/Nchs/Data/Nhanes/Public/2003/DataFiles/MCQ_C.htm,html
https://wwwn.cdc.gov/Nchs/Data/Nhanes/Public/2005/DataFiles/MCQ_D.htm,docs/codebooks/MCQ_D.htm,2005-2006,2026-09-23T22:08:42.379735+00:00,306006,836faf452709e2c1bd45971855ba725ea61554492734e6d2b120739e426a69aa,https://wwwn.cdc.gov/Nchs/Data/Nhanes/Public/2005/DataFiles/MCQ_D.htm,html
https://wwwn.cdc.gov/Nchs/Data/Nhanes/Public/1999/DataFiles/PAQ.htm,docs/codebooks/PAQ.htm,1999-2000,2026-09-23T22:08:37.755729+00:00,76233,fce584def2a05dc0ab7a1fef62831075c4dd89df9ae00ac740212ece6a5c7c35,https://wwwn.cdc.gov/Nchs/Data/Nhanes/Public/1999/DataFiles/PAQ.htm,html
https://wwwn.cdc.gov/Nchs/Data/Nhanes/Public/2001/DataFiles/PAQ_B.htm,docs/codebooks/PAQ_B.htm,2001-2002,2026-09-23T22:08:38.718513+00:00,78134,514e08998fdbcb7f9b3d0bab52084eeb8d804df95c93c88a4c24255286e44a3f,https://wwwn.cdc.gov/Nchs/Data/Nhanes/Public/2001/DataFiles/PAQ_B.htm,html
https://wwwn.cdc.gov/Nchs/Data/Nhanes/Public/2003/DataFiles/PAQ_C.htm,docs/codebooks/PAQ_C.htm,2003-2004,2026-09-23T22:08:39.870381+00:00,73300,d81e0029ebddf7eb947d3dc3baa8c47051a1fa2c6408c0b7e283a6032cc7dbf6,https://wwwn.cdc.gov/Nchs/Data/Nhanes/Public/2003/DataFiles/PAQ_C.htm,html
https://wwwn.cdc.gov/Nchs/Data/Nhanes/Public/2005/DataFiles/PAQ_D.htm,docs/codebooks/PAQ_D.htm,2005-2006,2026-09-23T22:08:41.113806+00:00,72449,93c014818ad52b008a82f381d1a6996c96477422939abae5648c834c11c52f8f,https://wwwn.cdc.gov/Nchs/Data/Nhanes/Public/2005/DataFiles/PAQ_D.htm,html
https://wwwn.cdc.gov/Nchs/Data/Nhanes/Public/1999/DataFiles/SMQ.htm,docs/codebooks/SMQ.htm,1999-2000,2026-09-23T22:08:37.833780+00:00,108979,96614081aea9559c8c7032857409acf4634b0901138b2433adeb941e35b3c62b,https://wwwn.cdc.gov/Nchs/Data/Nhanes/Public/1999/DataFiles/SMQ.htm,html
https://wwwn.cdc.gov/Nchs/Data/Nhanes/Public/2001/DataFiles/SMQ_B.htm,docs/codebooks/SMQ_B.htm,2001-2002,2026-09-23T22:08:39.017105+00:00,119367,219371228b35313f07756232588802d746d28589fdaf3e98d2c41e4d7b0a82de,https://wwwn.cdc.gov/Nchs/Data/Nhanes/Public/2001/DataFiles/SMQ_B.htm,html
https://wwwn.cdc.gov/Nchs/Data/Nhanes/Public/2003/DataFiles/SMQ_C.htm,docs/codebooks/SMQ_C.htm,2003-2004,2026-09-23T22:08:40.217005+00:00,132128,a6ff04d14f187608814d723d973fa9e91774b5795ede5b3ccb0c680df3b908c9,https://wwwn.cdc.gov/Nchs/Data/Nhanes/Public/2003/DataFiles/SMQ_C.htm,html
https://wwwn.cdc.gov/Nchs/Data/Nhanes/Public/2005/DataFiles/SMQ_D.htm,docs/codebooks/SMQ_D.htm,2005-2006,2026-09-23T22:08:41.492097+00:00,132447,6c52897b0ef1d30356c13abbb902c6bb670b41ff24dc1cd61212b2331fb503df,https://wwwn.cdc.gov/Nchs/Data/Nhanes/Public/2005/DataFiles/SMQ_D.htm,html
https://ftp.cdc.gov/pub/Health_Statistics/NCHS/datalinkage/linked_mortality/R_ReadInProgramAllSurveys.R,docs/sources/lmf_readin_official.R,all,2026-09-23T22:08:42.994490+00:00,9146,04c514fd6b798ceb7eeed1afea61f42c6cdd270734c1483e1803027ff9066ac3,https://ftp.cdc.gov/pub/Health_Statistics/NCHS/datalinkage/linked_mortality/R_ReadInProgramAllSurveys.R,text
https://wwwn.cdc.gov/nchs/nhanes/tutorials/varianceestimation.aspx,docs/sources/variance.html,all,2026-09-23T22:08:42.968796+00:00,412483,bde4f25a9ecb65641df0cd70d0129fbe8bc05ad066bf823d28eb11214ad848f2,https://wwwn.cdc.gov/nchs/nhanes/tutorials/varianceestimation.aspx,html
https://wwwn.cdc.gov/nchs/nhanes/tutorials/weighting.aspx,docs/sources/weighting.html,all,2026-09-23T22:08:42.963050+00:00,415715,779cab7f418c6ac0a30b61d04a16517910143a627517a18ce6fc6c5cea77ee7a,https://wwwn.cdc.gov/nchs/nhanes/tutorials/weighting.aspx,html
